Workbook

Sheet README
B2: If you want to edit the spreadsheet: File -> Make a Copy
B4: Do not request share access, as I will deny it to keep this template always available.
B6: You are welcome to make a copy of the sheet and edit as you please.

Sheet Supply Side
A1: Week | B1: Retail sent | C1: Retailer Inv | D1: RD2 | E1: RD1 | F1: Wholesaler Inv | G1: WD2 | H1: WD1 | I1: Supplier Inv | J1: SD2 | K1: SD1 | L1: Factory Inv | M1: FD2 | N1: FD1 | P1: Based on this game
A2: 1 | B2: 5 | C2: 15 | D2: 0 | E2: 5 | F2: 15 | G2: 0 | H2: 5 | I2: 15 | J2: 0 | K2: 5 | L2: 15 | M2: 0 | N2: 5 | P2: https://beergame.org/the-game/structure-rules/
A3: =A2+1 -> 2 | B3: =IF('Order Side'!G3, IF('Order Side'!B3 <= C2, 'Order Side'!B3, IF(I3<0, IF(C2>0, IF(C2+D2 > 'Order Side'!B3, 'Order Side'!B3, C2 + D2 ), IF(D2 >= 'Order Side'!B3 -C2, 'Order Side'!B3 -C2, D2 ) ), IF(C2<0, IF( D2 >= 'Order Side'!B3 -C2, 'Order Side'!B3 -C2, D2 ), IF(C2+D2 > 'Order Side'!B3, 'Order Side'!B3, C2+D2 ) ) ) ), ) -> 5 | C3: =D2+C2-'Order Side'!B3 -> 10 | D3: =E2 -> 5 | E3: =IF('Order Side'!G3, IF('Order Side'!C3 <= F2, 'Order Side'!C3, IF(I3<0, IF(F2>0, IF(F2+G2 > 'Order Side'!C3, 'Order Side'!C3, F2 + G2 ), IF(G2 >= 'Order Side'!C3 -F2, 'Order Side'!C3 -F2, G2 ) ), IF(F2<0, IF( G2 >= 'Order Side'!C3 -F2, 'Order Side'!C3 -F2, G2 ), IF(F2+G2 > 'Order Side'!C3, 'Order Side'!C3, F2+G2 ) ) ) ), ) -> 0 | F3: =G2+F2-'Order Side'!C3 -> 15 | G3: =H2 -> 5 | H3: =IF('Order Side'!G3, IF('Order Side'!D3 <= I2, 'Order Side'!D3, IF(I3<0, IF(I2>0, IF(I2+J2 > 'Order Side'!D3, 'Order Side'!D3, I2 + J2 ), IF(J2 >= 'Order Side'!D3 -I2, 'Order Side'!D3 -I2, J2 ) ), IF(I2<0, IF( J2 >= 'Order Side'!D3 -I2, 'Order Side'!D3 -I2, J2 ), IF(I2+J2 > 'Order Side'!D3, 'Order Side'!D3, I2+J2 ) ) ) ), ) -> 0 | I3: =J2+I2-'Order Side'!D3 -> 15 | J3: =K2 -> 5 | K3: =IF('Order Side'!G3, IF('Order Side'!E3 <= L2, 'Order Side'!E3, IF(L3<0, IF(L2>0, IF(L2+M2 > 'Order Side'!E3, 'Order Side'!E3, L2 + M2 ), IF(M2 >= 'Order Side'!E3 -L2, 'Order Side'!E3 -L2, M2 ) ), IF(L2<0, IF( M2 >= 'Order Side'!E3 -L2, 'Order Side'!E3 -L2, M2 ), IF(L2+M2 > 'Order Side'!E3, 'Order Side'!E3, L2+M2 ) ) ) ), ) -> 0 | L3: =M2+L2-'Order Side'!E3 -> 15 | M3: =N2 -> 5 | N3: ='Order Side'!F3 -> 0
A4: =A3+1 -> 3 | B4: =IF('Order Side'!G4, IF('Order Side'!B4 <= C3, 'Order Side'!B4, IF(I4<0, IF(C3>0, IF(C3+D3 > 'Order Side'!B4, 'Order Side'!B4, C3 + D3 ), IF(D3 >= 'Order Side'!B4 -C3, 'Order Side'!B4 -C3, D3 ) ), IF(C3<0, IF( D3 >= 'Order Side'!B4 -C3, 'Order Side'!B4 -C3, D3 ), IF(C3+D3 > 'Order Side'!B4, 'Order Side'!B4, C3+D3 ) ) ) ), ) -> 5 | C4: =D3+C3-'Order Side'!B4 -> 10 | D4: =E3 -> 0 | E4: =IF('Order Side'!G4, IF('Order Side'!C4 <= F3, 'Order Side'!C4, IF(I4<0, IF(F3>0, IF(F3+G3 > 'Order Side'!C4, 'Order Side'!C4, F3 + G3 ), IF(G3 >= 'Order Side'!C4 -F3, 'Order Side'!C4 -F3, G3 ) ), IF(F3<0, IF( G3 >= 'Order Side'!C4 -F3, 'Order Side'!C4 -F3, G3 ), IF(F3+G3 > 'Order Side'!C4, 'Order Side'!C4, F3+G3 ) ) ) ), ) -> 0 | F4: =G3+F3-'Order Side'!C4 -> 20 | G4: =H3 -> 0 | H4: =IF('Order Side'!G4, IF('Order Side'!D4 <= I3, 'Order Side'!D4, IF(I4<0, IF(I3>0, IF(I3+J3 > 'Order Side'!D4, 'Order Side'!D4, I3 + J3 ), IF(J3 >= 'Order Side'!D4 -I3, 'Order Side'!D4 -I3, J3 ) ), IF(I3<0, IF( J3 >= 'Order Side'!D4 -I3, 'Order Side'!D4 -I3, J3 ), IF(I3+J3 > 'Order Side'!D4, 'Order Side'!D4, I3+J3 ) ) ) ), ) -> 0 | I4: =J3+I3-'Order Side'!D4 -> 20 | J4: =K3 -> 0 | K4: =IF('Order Side'!G4, IF('Order Side'!E4 <= L3, 'Order Side'!E4, IF(L4<0, IF(L3>0, IF(L3+M3 > 'Order Side'!E4, 'Order Side'!E4, L3 + M3 ), IF(M3 >= 'Order Side'!E4 -L3, 'Order Side'!E4 -L3, M3 ) ), IF(L3<0, IF( M3 >= 'Order Side'!E4 -L3, 'Order Side'!E4 -L3, M3 ), IF(L3+M3 > 'Order Side'!E4, 'Order Side'!E4, L3+M3 ) ) ) ), ) -> 0 | L4: =M3+L3-'Order Side'!E4 -> 20 | M4: =N3 -> 0 | N4: ='Order Side'!F4 -> 0
A5: =A4+1 -> 4 | B5: =IF('Order Side'!G5, IF('Order Side'!B5 <= C4, 'Order Side'!B5, IF(I5<0, IF(C4>0, IF(C4+D4 > 'Order Side'!B5, 'Order Side'!B5, C4 + D4 ), IF(D4 >= 'Order Side'!B5 -C4, 'Order Side'!B5 -C4, D4 ) ), IF(C4<0, IF( D4 >= 'Order Side'!B5 -C4, 'Order Side'!B5 -C4, D4 ), IF(C4+D4 > 'Order Side'!B5, 'Order Side'!B5, C4+D4 ) ) ) ), ) -> 5 | C5: =D4+C4-'Order Side'!B5 -> 5 | D5: =E4 -> 0 | E5: =IF('Order Side'!G5, IF('Order Side'!C5 <= F4, 'Order Side'!C5, IF(I5<0, IF(F4>0, IF(F4+G4 > 'Order Side'!C5, 'Order Side'!C5, F4 + G4 ), IF(G4 >= 'Order Side'!C5 -F4, 'Order Side'!C5 -F4, G4 ) ), IF(F4<0, IF( G4 >= 'Order Side'!C5 -F4, 'Order Side'!C5 -F4, G4 ), IF(F4+G4 > 'Order Side'!C5, 'Order Side'!C5, F4+G4 ) ) ) ), ) -> 0 | F5: =G4+F4-'Order Side'!C5 -> 20 | G5: =H4 -> 0 | H5: =IF('Order Side'!G5, IF('Order Side'!D5 <= I4, 'Order Side'!D5, IF(I5<0, IF(I4>0, IF(I4+J4 > 'Order Side'!D5, 'Order Side'!D5, I4 + J4 ), IF(J4 >= 'Order Side'!D5 -I4, 'Order Side'!D5 -I4, J4 ) ), IF(I4<0, IF( J4 >= 'Order Side'!D5 -I4, 'Order Side'!D5 -I4, J4 ), IF(I4+J4 > 'Order Side'!D5, 'Order Side'!D5, I4+J4 ) ) ) ), ) -> 0 | I5: =J4+I4-'Order Side'!D5 -> 20 | J5: =K4 -> 0 | K5: =IF('Order Side'!G5, IF('Order Side'!E5 <= L4, 'Order Side'!E5, IF(L5<0, IF(L4>0, IF(L4+M4 > 'Order Side'!E5, 'Order Side'!E5, L4 + M4 ), IF(M4 >= 'Order Side'!E5 -L4, 'Order Side'!E5 -L4, M4 ) ), IF(L4<0, IF( M4 >= 'Order Side'!E5 -L4, 'Order Side'!E5 -L4, M4 ), IF(L4+M4 > 'Order Side'!E5, 'Order Side'!E5, L4+M4 ) ) ) ), ) -> 0 | L5: =M4+L4-'Order Side'!E5 -> 20 | M5: =N4 -> 0 | N5: ='Order Side'!F5 -> 0
A6: =A5+1 -> 5 | B6: =IF('Order Side'!G6, IF('Order Side'!B6 <= C5, 'Order Side'!B6, IF(I6<0, IF(C5>0, IF(C5+D5 > 'Order Side'!B6, 'Order Side'!B6, C5 + D5 ), IF(D5 >= 'Order Side'!B6 -C5, 'Order Side'!B6 -C5, D5 ) ), IF(C5<0, IF( D5 >= 'Order Side'!B6 -C5, 'Order Side'!B6 -C5, D5 ), IF(C5+D5 > 'Order Side'!B6, 'Order Side'!B6, C5+D5 ) ) ) ), ) -> 5 | C6: =D5+C5-'Order Side'!B6 -> 0 | D6: =E5 -> 0 | E6: =IF('Order Side'!G6, IF('Order Side'!C6 <= F5, 'Order Side'!C6, IF(I6<0, IF(F5>0, IF(F5+G5 > 'Order Side'!C6, 'Order Side'!C6, F5 + G5 ), IF(G5 >= 'Order Side'!C6 -F5, 'Order Side'!C6 -F5, G5 ) ), IF(F5<0, IF( G5 >= 'Order Side'!C6 -F5, 'Order Side'!C6 -F5, G5 ), IF(F5+G5 > 'Order Side'!C6, 'Order Side'!C6, F5+G5 ) ) ) ), ) -> 0 | F6: =G5+F5-'Order Side'!C6 -> 20 | G6: =H5 -> 0 | H6: =IF('Order Side'!G6, IF('Order Side'!D6 <= I5, 'Order Side'!D6, IF(I6<0, IF(I5>0, IF(I5+J5 > 'Order Side'!D6, 'Order Side'!D6, I5 + J5 ), IF(J5 >= 'Order Side'!D6 -I5, 'Order Side'!D6 -I5, J5 ) ), IF(I5<0, IF( J5 >= 'Order Side'!D6 -I5, 'Order Side'!D6 -I5, J5 ), IF(I5+J5 > 'Order Side'!D6, 'Order Side'!D6, I5+J5 ) ) ) ), ) -> 0 | I6: =J5+I5-'Order Side'!D6 -> 20 | J6: =K5 -> 0 | K6: =IF('Order Side'!G6, IF('Order Side'!E6 <= L5, 'Order Side'!E6, IF(L6<0, IF(L5>0, IF(L5+M5 > 'Order Side'!E6, 'Order Side'!E6, L5 + M5 ), IF(M5 >= 'Order Side'!E6 -L5, 'Order Side'!E6 -L5, M5 ) ), IF(L5<0, IF( M5 >= 'Order Side'!E6 -L5, 'Order Side'!E6 -L5, M5 ), IF(L5+M5 > 'Order Side'!E6, 'Order Side'!E6, L5+M5 ) ) ) ), ) -> 0 | L6: =M5+L5-'Order Side'!E6 -> 20 | M6: =N5 -> 0 | N6: ='Order Side'!F6 -> 0
A7: =A6+1 -> 6 | B7: =IF('Order Side'!G7, IF('Order Side'!B7 <= C6, 'Order Side'!B7, IF(I7<0, IF(C6>0, IF(C6+D6 > 'Order Side'!B7, 'Order Side'!B7, C6 + D6 ), IF(D6 >= 'Order Side'!B7 -C6, 'Order Side'!B7 -C6, D6 ) ), IF(C6<0, IF( D6 >= 'Order Side'!B7 -C6, 'Order Side'!B7 -C6, D6 ), IF(C6+D6 > 'Order Side'!B7, 'Order Side'!B7, C6+D6 ) ) ) ), ) -> 0 | C7: =D6+C6-'Order Side'!B7 -> -5 | D7: =E6 -> 0 | E7: =IF('Order Side'!G7, IF('Order Side'!C7 <= F6, 'Order Side'!C7, IF(I7<0, IF(F6>0, IF(F6+G6 > 'Order Side'!C7, 'Order Side'!C7, F6 + G6 ), IF(G6 >= 'Order Side'!C7 -F6, 'Order Side'!C7 -F6, G6 ) ), IF(F6<0, IF( G6 >= 'Order Side'!C7 -F6, 'Order Side'!C7 -F6, G6 ), IF(F6+G6 > 'Order Side'!C7, 'Order Side'!C7, F6+G6 ) ) ) ), ) -> 0 | F7: =G6+F6-'Order Side'!C7 -> 20 | G7: =H6 -> 0 | H7: =IF('Order Side'!G7, IF('Order Side'!D7 <= I6, 'Order Side'!D7, IF(I7<0, IF(I6>0, IF(I6+J6 > 'Order Side'!D7, 'Order Side'!D7, I6 + J6 ), IF(J6 >= 'Order Side'!D7 -I6, 'Order Side'!D7 -I6, J6 ) ), IF(I6<0, IF( J6 >= 'Order Side'!D7 -I6, 'Order Side'!D7 -I6, J6 ), IF(I6+J6 > 'Order Side'!D7, 'Order Side'!D7, I6+J6 ) ) ) ), ) -> 0 | I7: =J6+I6-'Order Side'!D7 -> 20 | J7: =K6 -> 0 | K7: =IF('Order Side'!G7, IF('Order Side'!E7 <= L6, 'Order Side'!E7, IF(L7<0, IF(L6>0, IF(L6+M6 > 'Order Side'!E7, 'Order Side'!E7, L6 + M6 ), IF(M6 >= 'Order Side'!E7 -L6, 'Order Side'!E7 -L6, M6 ) ), IF(L6<0, IF( M6 >= 'Order Side'!E7 -L6, 'Order Side'!E7 -L6, M6 ), IF(L6+M6 > 'Order Side'!E7, 'Order Side'!E7, L6+M6 ) ) ) ), ) -> 0 | L7: =M6+L6-'Order Side'!E7 -> 20 | M7: =N6 -> 0 | N7: ='Order Side'!F7 -> 0
A8: =A7+1 -> 7 | B8: =IF('Order Side'!G8, IF('Order Side'!B8 <= C7, 'Order Side'!B8, IF(I8<0, IF(C7>0, IF(C7+D7 > 'Order Side'!B8, 'Order Side'!B8, C7 + D7 ), IF(D7 >= 'Order Side'!B8 -C7, 'Order Side'!B8 -C7, D7 ) ), IF(C7<0, IF( D7 >= 'Order Side'!B8 -C7, 'Order Side'!B8 -C7, D7 ), IF(C7+D7 > 'Order Side'!B8, 'Order Side'!B8, C7+D7 ) ) ) ), ) -> 0 | C8: =D7+C7-'Order Side'!B8 -> -10 | D8: =E7 -> 0 | E8: =IF('Order Side'!G8, IF('Order Side'!C8 <= F7, 'Order Side'!C8, IF(I8<0, IF(F7>0, IF(F7+G7 > 'Order Side'!C8, 'Order Side'!C8, F7 + G7 ), IF(G7 >= 'Order Side'!C8 -F7, 'Order Side'!C8 -F7, G7 ) ), IF(F7<0, IF( G7 >= 'Order Side'!C8 -F7, 'Order Side'!C8 -F7, G7 ), IF(F7+G7 > 'Order Side'!C8, 'Order Side'!C8, F7+G7 ) ) ) ), ) -> 0 | F8: =G7+F7-'Order Side'!C8 -> 20 | G8: =H7 -> 0 | H8: =IF('Order Side'!G8, IF('Order Side'!D8 <= I7, 'Order Side'!D8, IF(I8<0, IF(I7>0, IF(I7+J7 > 'Order Side'!D8, 'Order Side'!D8, I7 + J7 ), IF(J7 >= 'Order Side'!D8 -I7, 'Order Side'!D8 -I7, J7 ) ), IF(I7<0, IF( J7 >= 'Order Side'!D8 -I7, 'Order Side'!D8 -I7, J7 ), IF(I7+J7 > 'Order Side'!D8, 'Order Side'!D8, I7+J7 ) ) ) ), ) -> 0 | I8: =J7+I7-'Order Side'!D8 -> 20 | J8: =K7 -> 0 | K8: =IF('Order Side'!G8, IF('Order Side'!E8 <= L7, 'Order Side'!E8, IF(L8<0, IF(L7>0, IF(L7+M7 > 'Order Side'!E8, 'Order Side'!E8, L7 + M7 ), IF(M7 >= 'Order Side'!E8 -L7, 'Order Side'!E8 -L7, M7 ) ), IF(L7<0, IF( M7 >= 'Order Side'!E8 -L7, 'Order Side'!E8 -L7, M7 ), IF(L7+M7 > 'Order Side'!E8, 'Order Side'!E8, L7+M7 ) ) ) ), ) -> 0 | L8: =M7+L7-'Order Side'!E8 -> 20 | M8: =N7 -> 0 | N8: ='Order Side'!F8 -> 0
A9: =A8+1 -> 8 | B9: =IF('Order Side'!G9, IF('Order Side'!B9 <= C8, 'Order Side'!B9, IF(I9<0, IF(C8>0, IF(C8+D8 > 'Order Side'!B9, 'Order Side'!B9, C8 + D8 ), IF(D8 >= 'Order Side'!B9 -C8, 'Order Side'!B9 -C8, D8 ) ), IF(C8<0, IF( D8 >= 'Order Side'!B9 -C8, 'Order Side'!B9 -C8, D8 ), IF(C8+D8 > 'Order Side'!B9, 'Order Side'!B9, C8+D8 ) ) ) ), ) -> 0 | C9: =D8+C8-'Order Side'!B9 -> -15 | D9: =E8 -> 0 | E9: =IF('Order Side'!G9, IF('Order Side'!C9 <= F8, 'Order Side'!C9, IF(I9<0, IF(F8>0, IF(F8+G8 > 'Order Side'!C9, 'Order Side'!C9, F8 + G8 ), IF(G8 >= 'Order Side'!C9 -F8, 'Order Side'!C9 -F8, G8 ) ), IF(F8<0, IF( G8 >= 'Order Side'!C9 -F8, 'Order Side'!C9 -F8, G8 ), IF(F8+G8 > 'Order Side'!C9, 'Order Side'!C9, F8+G8 ) ) ) ), ) -> 0 | F9: =G8+F8-'Order Side'!C9 -> 20 | G9: =H8 -> 0 | H9: =IF('Order Side'!G9, IF('Order Side'!D9 <= I8, 'Order Side'!D9, IF(I9<0, IF(I8>0, IF(I8+J8 > 'Order Side'!D9, 'Order Side'!D9, I8 + J8 ), IF(J8 >= 'Order Side'!D9 -I8, 'Order Side'!D9 -I8, J8 ) ), IF(I8<0, IF( J8 >= 'Order Side'!D9 -I8, 'Order Side'!D9 -I8, J8 ), IF(I8+J8 > 'Order Side'!D9, 'Order Side'!D9, I8+J8 ) ) ) ), ) -> 0 | I9: =J8+I8-'Order Side'!D9 -> 20 | J9: =K8 -> 0 | K9: =IF('Order Side'!G9, IF('Order Side'!E9 <= L8, 'Order Side'!E9, IF(L9<0, IF(L8>0, IF(L8+M8 > 'Order Side'!E9, 'Order Side'!E9, L8 + M8 ), IF(M8 >= 'Order Side'!E9 -L8, 'Order Side'!E9 -L8, M8 ) ), IF(L8<0, IF( M8 >= 'Order Side'!E9 -L8, 'Order Side'!E9 -L8, M8 ), IF(L8+M8 > 'Order Side'!E9, 'Order Side'!E9, L8+M8 ) ) ) ), ) -> 0 | L9: =M8+L8-'Order Side'!E9 -> 20 | M9: =N8 -> 0 | N9: ='Order Side'!F9 -> 0
A10: =A9+1 -> 9 | B10: =IF('Order Side'!G10, IF('Order Side'!B10 <= C9, 'Order Side'!B10, IF(I10<0, IF(C9>0, IF(C9+D9 > 'Order Side'!B10, 'Order Side'!B10, C9 + D9 ), IF(D9 >= 'Order Side'!B10 -C9, 'Order Side'!B10 -C9, D9 ) ), IF(C9<0, IF( D9 >= 'Order Side'!B10 -C9, 'Order Side'!B10 -C9, D9 ), IF(C9+D9 > 'Order Side'!B10, 'Order Side'!B10, C9+D9 ) ) ) ), ) -> 0 | C10: =D9+C9-'Order Side'!B10 -> -20 | D10: =E9 -> 0 | E10: =IF('Order Side'!G10, IF('Order Side'!C10 <= F9, 'Order Side'!C10, IF(I10<0, IF(F9>0, IF(F9+G9 > 'Order Side'!C10, 'Order Side'!C10, F9 + G9 ), IF(G9 >= 'Order Side'!C10 -F9, 'Order Side'!C10 -F9, G9 ) ), IF(F9<0, IF( G9 >= 'Order Side'!C10 -F9, 'Order Side'!C10 -F9, G9 ), IF(F9+G9 > 'Order Side'!C10, 'Order Side'!C10, F9+G9 ) ) ) ), ) -> 0 | F10: =G9+F9-'Order Side'!C10 -> 20 | G10: =H9 -> 0 | H10: =IF('Order Side'!G10, IF('Order Side'!D10 <= I9, 'Order Side'!D10, IF(I10<0, IF(I9>0, IF(I9+J9 > 'Order Side'!D10, 'Order Side'!D10, I9 + J9 ), IF(J9 >= 'Order Side'!D10 -I9, 'Order Side'!D10 -I9, J9 ) ), IF(I9<0, IF( J9 >= 'Order Side'!D10 -I9, 'Order Side'!D10 -I9, J9 ), IF(I9+J9 > 'Order Side'!D10, 'Order Side'!D10, I9+J9 ) ) ) ), ) -> 0 | I10: =J9+I9-'Order Side'!D10 -> 20 | J10: =K9 -> 0 | K10: =IF('Order Side'!G10, IF('Order Side'!E10 <= L9, 'Order Side'!E10, IF(L10<0, IF(L9>0, IF(L9+M9 > 'Order Side'!E10, 'Order Side'!E10, L9 + M9 ), IF(M9 >= 'Order Side'!E10 -L9, 'Order Side'!E10 -L9, M9 ) ), IF(L9<0, IF( M9 >= 'Order Side'!E10 -L9, 'Order Side'!E10 -L9, M9 ), IF(L9+M9 > 'Order Side'!E10, 'Order Side'!E10, L9+M9 ) ) ) ), ) -> 0 | L10: =M9+L9-'Order Side'!E10 -> 20 | M10: =N9 -> 0 | N10: ='Order Side'!F10 -> 0
A11: =A10+1 -> 10 | B11: =IF('Order Side'!G11, IF('Order Side'!B11 <= C10, 'Order Side'!B11, IF(I11<0, IF(C10>0, IF(C10+D10 > 'Order Side'!B11, 'Order Side'!B11, C10 + D10 ), IF(D10 >= 'Order Side'!B11 -C10, 'Order Side'!B11 -C10, D10 ) ), IF(C10<0, IF( D10 >= 'Order Side'!B11 -C10, 'Order Side'!B11 -C10, D10 ), IF(C10+D10 > 'Order Side'!B11, 'Order Side'!B11, C10+D10 ) ) ) ), ) -> 0 | C11: =D10+C10-'Order Side'!B11 -> -25 | D11: =E10 -> 0 | E11: =IF('Order Side'!G11, IF('Order Side'!C11 <= F10, 'Order Side'!C11, IF(I11<0, IF(F10>0, IF(F10+G10 > 'Order Side'!C11, 'Order Side'!C11, F10 + G10 ), IF(G10 >= 'Order Side'!C11 -F10, 'Order Side'!C11 -F10, G10 ) ), IF(F10<0, IF( G10 >= 'Order Side'!C11 -F10, 'Order Side'!C11 -F10, G10 ), IF(F10+G10 > 'Order Side'!C11, 'Order Side'!C11, F10+G10 ) ) ) ), ) -> 0 | F11: =G10+F10-'Order Side'!C11 -> 20 | G11: =H10 -> 0 | H11: =IF('Order Side'!G11, IF('Order Side'!D11 <= I10, 'Order Side'!D11, IF(I11<0, IF(I10>0, IF(I10+J10 > 'Order Side'!D11, 'Order Side'!D11, I10 + J10 ), IF(J10 >= 'Order Side'!D11 -I10, 'Order Side'!D11 -I10, J10 ) ), IF(I10<0, IF( J10 >= 'Order Side'!D11 -I10, 'Order Side'!D11 -I10, J10 ), IF(I10+J10 > 'Order Side'!D11, 'Order Side'!D11, I10+J10 ) ) ) ), ) -> 0 | I11: =J10+I10-'Order Side'!D11 -> 20 | J11: =K10 -> 0 | K11: =IF('Order Side'!G11, IF('Order Side'!E11 <= L10, 'Order Side'!E11, IF(L11<0, IF(L10>0, IF(L10+M10 > 'Order Side'!E11, 'Order Side'!E11, L10 + M10 ), IF(M10 >= 'Order Side'!E11 -L10, 'Order Side'!E11 -L10, M10 ) ), IF(L10<0, IF( M10 >= 'Order Side'!E11 -L10, 'Order Side'!E11 -L10, M10 ), IF(L10+M10 > 'Order Side'!E11, 'Order Side'!E11, L10+M10 ) ) ) ), ) -> 0 | L11: =M10+L10-'Order Side'!E11 -> 20 | M11: =N10 -> 0 | N11: ='Order Side'!F11 -> 0
A12: =A11+1 -> 11 | B12: =IF('Order Side'!G12, IF('Order Side'!B12 <= C11, 'Order Side'!B12, IF(I12<0, IF(C11>0, IF(C11+D11 > 'Order Side'!B12, 'Order Side'!B12, C11 + D11 ), IF(D11 >= 'Order Side'!B12 -C11, 'Order Side'!B12 -C11, D11 ) ), IF(C11<0, IF( D11 >= 'Order Side'!B12 -C11, 'Order Side'!B12 -C11, D11 ), IF(C11+D11 > 'Order Side'!B12, 'Order Side'!B12, C11+D11 ) ) ) ), ) -> 0 | C12: =D11+C11-'Order Side'!B12 -> -37 | D12: =E11 -> 0 | E12: =IF('Order Side'!G12, IF('Order Side'!C12 <= F11, 'Order Side'!C12, IF(I12<0, IF(F11>0, IF(F11+G11 > 'Order Side'!C12, 'Order Side'!C12, F11 + G11 ), IF(G11 >= 'Order Side'!C12 -F11, 'Order Side'!C12 -F11, G11 ) ), IF(F11<0, IF( G11 >= 'Order Side'!C12 -F11, 'Order Side'!C12 -F11, G11 ), IF(F11+G11 > 'Order Side'!C12, 'Order Side'!C12, F11+G11 ) ) ) ), ) -> 0 | F12: =G11+F11-'Order Side'!C12 -> 20 | G12: =H11 -> 0 | H12: =IF('Order Side'!G12, IF('Order Side'!D12 <= I11, 'Order Side'!D12, IF(I12<0, IF(I11>0, IF(I11+J11 > 'Order Side'!D12, 'Order Side'!D12, I11 + J11 ), IF(J11 >= 'Order Side'!D12 -I11, 'Order Side'!D12 -I11, J11 ) ), IF(I11<0, IF( J11 >= 'Order Side'!D12 -I11, 'Order Side'!D12 -I11, J11 ), IF(I11+J11 > 'Order Side'!D12, 'Order Side'!D12, I11+J11 ) ) ) ), ) -> 0 | I12: =J11+I11-'Order Side'!D12 -> 20 | J12: =K11 -> 0 | K12: =IF('Order Side'!G12, IF('Order Side'!E12 <= L11, 'Order Side'!E12, IF(L12<0, IF(L11>0, IF(L11+M11 > 'Order Side'!E12, 'Order Side'!E12, L11 + M11 ), IF(M11 >= 'Order Side'!E12 -L11, 'Order Side'!E12 -L11, M11 ) ), IF(L11<0, IF( M11 >= 'Order Side'!E12 -L11, 'Order Side'!E12 -L11, M11 ), IF(L11+M11 > 'Order Side'!E12, 'Order Side'!E12, L11+M11 ) ) ) ), ) -> 0 | L12: =M11+L11-'Order Side'!E12 -> 20 | M12: =N11 -> 0 | N12: ='Order Side'!F12 -> 0
A13: =A12+1 -> 12 | B13: =IF('Order Side'!G13, IF('Order Side'!B13 <= C12, 'Order Side'!B13, IF(I13<0, IF(C12>0, IF(C12+D12 > 'Order Side'!B13, 'Order Side'!B13, C12 + D12 ), IF(D12 >= 'Order Side'!B13 -C12, 'Order Side'!B13 -C12, D12 ) ), IF(C12<0, IF( D12 >= 'Order Side'!B13 -C12, 'Order Side'!B13 -C12, D12 ), IF(C12+D12 > 'Order Side'!B13, 'Order Side'!B13, C12+D12 ) ) ) ), ) -> 0 | C13: =D12+C12-'Order Side'!B13 -> -45 | D13: =E12 -> 0 | E13: =IF('Order Side'!G13, IF('Order Side'!C13 <= F12, 'Order Side'!C13, IF(I13<0, IF(F12>0, IF(F12+G12 > 'Order Side'!C13, 'Order Side'!C13, F12 + G12 ), IF(G12 >= 'Order Side'!C13 -F12, 'Order Side'!C13 -F12, G12 ) ), IF(F12<0, IF( G12 >= 'Order Side'!C13 -F12, 'Order Side'!C13 -F12, G12 ), IF(F12+G12 > 'Order Side'!C13, 'Order Side'!C13, F12+G12 ) ) ) ), ) -> 0 | F13: =G12+F12-'Order Side'!C13 -> 20 | G13: =H12 -> 0 | H13: =IF('Order Side'!G13, IF('Order Side'!D13 <= I12, 'Order Side'!D13, IF(I13<0, IF(I12>0, IF(I12+J12 > 'Order Side'!D13, 'Order Side'!D13, I12 + J12 ), IF(J12 >= 'Order Side'!D13 -I12, 'Order Side'!D13 -I12, J12 ) ), IF(I12<0, IF( J12 >= 'Order Side'!D13 -I12, 'Order Side'!D13 -I12, J12 ), IF(I12+J12 > 'Order Side'!D13, 'Order Side'!D13, I12+J12 ) ) ) ), ) -> 0 | I13: =J12+I12-'Order Side'!D13 -> 20 | J13: =K12 -> 0 | K13: =IF('Order Side'!G13, IF('Order Side'!E13 <= L12, 'Order Side'!E13, IF(L13<0, IF(L12>0, IF(L12+M12 > 'Order Side'!E13, 'Order Side'!E13, L12 + M12 ), IF(M12 >= 'Order Side'!E13 -L12, 'Order Side'!E13 -L12, M12 ) ), IF(L12<0, IF( M12 >= 'Order Side'!E13 -L12, 'Order Side'!E13 -L12, M12 ), IF(L12+M12 > 'Order Side'!E13, 'Order Side'!E13, L12+M12 ) ) ) ), ) -> 0 | L13: =M12+L12-'Order Side'!E13 -> 20 | M13: =N12 -> 0 | N13: ='Order Side'!F13 -> 0
A14: =A13+1 -> 13 | B14: =IF('Order Side'!G14, IF('Order Side'!B14 <= C13, 'Order Side'!B14, IF(I14<0, IF(C13>0, IF(C13+D13 > 'Order Side'!B14, 'Order Side'!B14, C13 + D13 ), IF(D13 >= 'Order Side'!B14 -C13, 'Order Side'!B14 -C13, D13 ) ), IF(C13<0, IF( D13 >= 'Order Side'!B14 -C13, 'Order Side'!B14 -C13, D13 ), IF(C13+D13 > 'Order Side'!B14, 'Order Side'!B14, C13+D13 ) ) ) ), ) -> 0 | C14: =D13+C13-'Order Side'!B14 -> -57 | D14: =E13 -> 0 | E14: =IF('Order Side'!G14, IF('Order Side'!C14 <= F13, 'Order Side'!C14, IF(I14<0, IF(F13>0, IF(F13+G13 > 'Order Side'!C14, 'Order Side'!C14, F13 + G13 ), IF(G13 >= 'Order Side'!C14 -F13, 'Order Side'!C14 -F13, G13 ) ), IF(F13<0, IF( G13 >= 'Order Side'!C14 -F13, 'Order Side'!C14 -F13, G13 ), IF(F13+G13 > 'Order Side'!C14, 'Order Side'!C14, F13+G13 ) ) ) ), ) -> 0 | F14: =G13+F13-'Order Side'!C14 -> 20 | G14: =H13 -> 0 | H14: =IF('Order Side'!G14, IF('Order Side'!D14 <= I13, 'Order Side'!D14, IF(I14<0, IF(I13>0, IF(I13+J13 > 'Order Side'!D14, 'Order Side'!D14, I13 + J13 ), IF(J13 >= 'Order Side'!D14 -I13, 'Order Side'!D14 -I13, J13 ) ), IF(I13<0, IF( J13 >= 'Order Side'!D14 -I13, 'Order Side'!D14 -I13, J13 ), IF(I13+J13 > 'Order Side'!D14, 'Order Side'!D14, I13+J13 ) ) ) ), ) -> 0 | I14: =J13+I13-'Order Side'!D14 -> 20 | J14: =K13 -> 0 | K14: =IF('Order Side'!G14, IF('Order Side'!E14 <= L13, 'Order Side'!E14, IF(L14<0, IF(L13>0, IF(L13+M13 > 'Order Side'!E14, 'Order Side'!E14, L13 + M13 ), IF(M13 >= 'Order Side'!E14 -L13, 'Order Side'!E14 -L13, M13 ) ), IF(L13<0, IF( M13 >= 'Order Side'!E14 -L13, 'Order Side'!E14 -L13, M13 ), IF(L13+M13 > 'Order Side'!E14, 'Order Side'!E14, L13+M13 ) ) ) ), ) -> 0 | L14: =M13+L13-'Order Side'!E14 -> 20 | M14: =N13 -> 0 | N14: ='Order Side'!F14 -> 0
... A51: =A50+1 -> 50 | B51: =IF('Order Side'!G51, IF('Order Side'!B51 <= C50, 'Order Side'!B51, IF(I51<0, IF(C50>0, IF(C50+D50 > 'Order Side'!B51, 'Order Side'!B51, C50 + D50 ), IF(D50 >= 'Order Side'!B51 -C50, 'Order Side'!B51 -C50, D50 ) ), IF(C50<0, IF( D50 >= 'Order Side'!B51 -C50, 'Order Side'!B51 -C50, D50 ), IF(C50+D50 > 'Order Side'!B51, 'Order Side'!B51, C50+D50 ) ) ) ), ) -> 0 | C51: =D50+C50-'Order Side'!B51 -> -501 | D51: =E50 -> 0 | E51: =IF('Order Side'!G51, IF('Order Side'!C51 <= F50, 'Order Side'!C51, IF(I51<0, IF(F50>0, IF(F50+G50 > 'Order Side'!C51, 'Order Side'!C51, F50 + G50 ), IF(G50 >= 'Order Side'!C51 -F50, 'Order Side'!C51 -F50, G50 ) ), IF(F50<0, IF( G50 >= 'Order Side'!C51 -F50, 'Order Side'!C51 -F50, G50 ), IF(F50+G50 > 'Order Side'!C51, 'Order Side'!C51, F50+G50 ) ) ) ), ) -> 0 | F51: =G50+F50-'Order Side'!C51 -> 20 | G51: =H50 -> 0 | H51: =IF('Order Side'!G51, IF('Order Side'!D51 <= I50, 'Order Side'!D51, IF(I51<0, IF(I50>0, IF(I50+J50 > 'Order Side'!D51, 'Order Side'!D51, I50 + J50 ), IF(J50 >= 'Order Side'!D51 -I50, 'Order Side'!D51 -I50, J50 ) ), IF(I50<0, IF( J50 >= 'Order Side'!D51 -I50, 'Order Side'!D51 -I50, J50 ), IF(I50+J50 > 'Order Side'!D51, 'Order Side'!D51, I50+J50 ) ) ) ), ) -> 0 | I51: =J50+I50-'Order Side'!D51 -> 20 | J51: =K50 -> 0 | K51: =IF('Order Side'!G51, IF('Order Side'!E51 <= L50, 'Order Side'!E51, IF(L51<0, IF(L50>0, IF(L50+M50 > 'Order Side'!E51, 'Order Side'!E51, L50 + M50 ), IF(M50 >= 'Order Side'!E51 -L50, 'Order Side'!E51 -L50, M50 ) ), IF(L50<0, IF( M50 >= 'Order Side'!E51 -L50, 'Order Side'!E51 -L50, M50 ), IF(L50+M50 > 'Order Side'!E51, 'Order Side'!E51, L50+M50 ) ) ) ), ) -> 0 | L51: =M50+L50-'Order Side'!E51 -> 20 | M51: =N50 -> 0 | N51: ='Order Side'!F51 -> 0

Sheet Order Side
A1: Week | B1: Demand | C1: Retailer | D1: Wholesaler | E1: Supplier | F1: Factory | G1: All orders in?
A2: 0 | B2: 5 | C2: 5 | D2: 5 | E2: 5 | F2: 5 | G2: {=AND(ISNUMBER(C2:F2))} -> TRUE
A3: =A2+1 -> 1 | B3: 5 | C3: =Retailer!H3 -> 0 | D3: =Wholesaler!H3 -> 0 | E3: =Supplier!H3 -> 0 | F3: =Factory!H3 -> 0 | G3: {=AND(ISNUMBER(C3:F3))} -> TRUE
A4: =A3+1 -> 2 | B4: 5 | C4: =Retailer!H4 -> 0 | D4: =Wholesaler!H4 -> 0 | E4: =Supplier!H4 -> 0 | F4: =Factory!H4 -> 0 | G4: {=AND(ISNUMBER(C4:F4))} -> TRUE
A5: =A4+1 -> 3 | B5: 5 | C5: =Retailer!H5 -> 0 | D5: =Wholesaler!H5 -> 0 | E5: =Supplier!H5 -> 0 | F5: =Factory!H5 -> 0 | G5: {=AND(ISNUMBER(C5:F5))} -> TRUE
A6: =A5+1 -> 4 | B6: 5 | C6: =Retailer!H6 -> 0 | D6: =Wholesaler!H6 -> 0 | E6: =Supplier!H6 -> 0 | F6: =Factory!H6 -> 0 | G6: {=AND(ISNUMBER(C6:F6))} -> TRUE
A7: =A6+1 -> 5 | B7: 5 | C7: =Retailer!H7 -> 0 | D7: =Wholesaler!H7 -> 0 | E7: =Supplier!H7 -> 0 | F7: =Factory!H7 -> 0 | G7: {=AND(ISNUMBER(C7:F7))} -> TRUE
A8: =A7+1 -> 6 | B8: 5 | C8: =Retailer!H8 -> 0 | D8: =Wholesaler!H8 -> 0 | E8: =Supplier!H8 -> 0 | F8: =Factory!H8 -> 0 | G8: {=AND(ISNUMBER(C8:F8))} -> TRUE
A9: =A8+1 -> 7 | B9: 5 | C9: =Retailer!H9 -> 0 | D9: =Wholesaler!H9 -> 0 | E9: =Supplier!H9 -> 0 | F9: =Factory!H9 -> 0 | G9: {=AND(ISNUMBER(C9:F9))} -> TRUE
A10: =A9+1 -> 8 | B10: 5 | C10: =Retailer!H10 -> 0 | D10: =Wholesaler!H10 -> 0 | E10: =Supplier!H10 -> 0 | F10: =Factory!H10 -> 0 | G10: {=AND(ISNUMBER(C10:F10))} -> TRUE
A11: =A10+1 -> 9 | B11: 5 | C11: =Retailer!H11 -> 0 | D11: =Wholesaler!H11 -> 0 | E11: =Supplier!H11 -> 0 | F11: =Factory!H11 -> 0 | G11: {=AND(ISNUMBER(C11:F11))} -> TRUE
A12: =A11+1 -> 10 | B12: =MOD(TODAY()+A12, 5)+8 -> 12 | C12: =Retailer!H12 -> 0 | D12: =Wholesaler!H12 -> 0 | E12: =Supplier!H12 -> 0 | F12: =Factory!H12 -> 0 | G12: {=AND(ISNUMBER(C12:F12))} -> TRUE
A13: =A12+1 -> 11 | B13: =MOD(TODAY()+A13, 5)+8 -> 8 | C13: =Retailer!H13 -> 0 | D13: =Wholesaler!H13 -> 0 | E13: =Supplier!H13 -> 0 | F13: =Factory!H13 -> 0 | G13: {=AND(ISNUMBER(C13:F13))} -> TRUE
A14: =A13+1 -> 12 | B14: =MOD(TODAY(), 5)+8 -> 12 | C14: =Retailer!H14 -> 0 | D14: =Wholesaler!H14 -> 0 | E14: =Supplier!H14 -> 0 | F14: =Factory!H14 -> 0 | G14: {=AND(ISNUMBER(C14:F14))} -> TRUE
A15: =A14+1 -> 13 | B15: =MOD(TODAY(), 5)+8 -> 12 | C15: =Retailer!H15 -> 0 | D15: =Wholesaler!H15 -> 0 | E15: =Supplier!H15 -> 0 | F15: =Factory!H15 -> 0 | G15: {=AND(ISNUMBER(C15:F15))} -> TRUE
A16: =A15+1 -> 14 | B16: =MOD(TODAY(), 5)+8 -> 12 | C16: =Retailer!H16 -> 0 | D16: =Wholesaler!H16 -> 0 | E16: =Supplier!H16 -> 0 | F16: =Factory!H16 -> 0 | G16: {=AND(ISNUMBER(C16:F16))} -> TRUE
A17: =A16+1 -> 15 | B17: =MOD(TODAY(), 5)+8 -> 12 | C17: =Retailer!H17 -> 0 | D17: =Wholesaler!H17 -> 0 | E17: =Supplier!H17 -> 0 | F17: =Factory!H17 -> 0 | G17: {=AND(ISNUMBER(C17:F17))} -> TRUE
A18: =A17+1 -> 16 | B18: =MOD(TODAY(), 5)+8 -> 12 | C18: =Retailer!H18 -> 0 | D18: =Wholesaler!H18 -> 0 | E18: =Supplier!H18 -> 0 | F18: =Factory!H18 -> 0 | G18: {=AND(ISNUMBER(C18:F18))} -> TRUE
A19: =A18+1 -> 17 | B19: =MOD(TODAY(), 5)+8 -> 12 | C19: =Retailer!H19 -> 0 | D19: =Wholesaler!H19 -> 0 | E19: =Supplier!H19 -> 0 | F19: =Factory!H19 -> 0 | G19: {=AND(ISNUMBER(C19:F19))} -> TRUE
A20: =A19+1 -> 18 | B20: =MOD(TODAY(), 5)+8 -> 12 | C20: =Retailer!H20 -> 0 | D20: =Wholesaler!H20 -> 0 | E20: =Supplier!H20 -> 0 | F20: =Factory!H20 -> 0 | G20: {=AND(ISNUMBER(C20:F20))} -> TRUE
A21: =A20+1 -> 19 | B21: =MOD(TODAY(), 5)+8 -> 12 | C21: =Retailer!H21 -> 0 | D21: =Wholesaler!H21 -> 0 | E21: =Supplier!H21 -> 0 | F21: =Factory!H21 -> 0 | G21: {=AND(ISNUMBER(C21:F21))} -> TRUE
A22: =A21+1 -> 20 | B22: =MOD(TODAY(), 5)+8 -> 12 | C22: =Retailer!H22 -> 0 | D22: =Wholesaler!H22 -> 0 | E22: =Supplier!H22 -> 0 | F22: =Factory!H22 -> 0 | G22: {=AND(ISNUMBER(C22:F22))} -> TRUE
A23: =A22+1 -> 21 | B23: =MOD(TODAY(), 5)+8 -> 12 | C23: =Retailer!H23 -> 0 | D23: =Wholesaler!H23 -> 0 | E23: =Supplier!H23 -> 0 | F23: =Factory!H23 -> 0 | G23: {=AND(ISNUMBER(C23:F23))} -> TRUE
A24: =A23+1 -> 22 | B24: =MOD(TODAY(), 5)+8 -> 12 | C24: =Retailer!H24 -> 0 | D24: =Wholesaler!H24 -> 0 | E24: =Supplier!H24 -> 0 | F24: =Factory!H24 -> 0 | G24: {=AND(ISNUMBER(C24:F24))} -> TRUE
A25: =A24+1 -> 23 | B25: =MOD(TODAY(), 5)+8 -> 12 | C25: =Retailer!H25 -> 0 | D25: =Wholesaler!H25 -> 0 | E25: =Supplier!H25 -> 0 | F25: =Factory!H25 -> 0 | G25: {=AND(ISNUMBER(C25:F25))} -> TRUE
... A52: =A51+1 -> 50 | B52: =MOD(TODAY(), 5)+8 -> 12 | C52: =Retailer!H52 -> 0 | D52: =Wholesaler!H52 -> 0 | E52: =Supplier!H52 -> 0 | F52: =Factory!H52 -> 0 | G52: {=AND(ISNUMBER(C52:F52))} -> TRUE

Sheet Summary
A1: =IFERROR(__xludf.DUMMYFUNCTION("MAX(FILTER('Order Side'!A2:A53, 'Order Side'!G2:G53))+1"),1) -> 1 | B1: =INDEX(B4:B53, COUNT(B4:B53)) -> 1002 | C1: =INDEX(C4:C53, COUNT(C4:C53)) -> 20 | D1: =INDEX(D4:D53, COUNT(D4:D53)) -> 20 | E1: =INDEX(E4:E53, COUNT(E4:E53)) -> 20 | F1: <= Current Week Cost
B2: =SUM(B4:B53) -> 21558 | C2: =SUM(C4:C53) -> 990 | D2: =SUM(D4:D53) -> 990 | E2: =SUM(E4:E53) -> 990 | F2: TOTALS | H2: INVENTORY
A3: Week | B3: Retailer | C3: Wholesaler | D3: Supplier | E3: Factory | G3: Retailer | H3: Wholesaler | I3: Supplier | J3: Factory | S3: =A3 -> Week | T3: =B3 -> Retailer | U3: =C3 -> Wholesaler | V3: =D3 -> Supplier | W3: =E3 -> Factory
A4: 1 | B4: =IF('Order Side'!$G2, IF('Supply Side'!C2>0, 'Supply Side'!C2, -'Supply Side'!C2*2), ) -> 15 | C4: =IF('Order Side'!$G2, IF('Supply Side'!F2>0, 'Supply Side'!F2, -'Supply Side'!F2*2), ) -> 15 | D4: =IF('Order Side'!$G2, IF('Supply Side'!I2>0, 'Supply Side'!I2, -'Supply Side'!I2*2), ) -> 15 | E4: =IF('Order Side'!$G2, IF('Supply Side'!L2>0, 'Supply Side'!L2, -'Supply Side'!L2*2), ) -> 15 | G4: =IF('Order Side'!$G2, 'Supply Side'!C2, ) -> 15 | H4: =IF('Order Side'!$G2, 'Supply Side'!F2, ) -> 15 | I4: =IF('Order Side'!$G2, 'Supply Side'!I2, ) -> 15 | J4: =IF('Order Side'!$G2, 'Supply Side'!L2, ) -> 15 | S4: =A4 -> 1 | T4: =SUM(B$4:B4) -> 15 | U4: =SUM(C$4:C4) -> 15 | V4: =SUM(D$4:D4) -> 15 | W4: =SUM(E$4:E4) -> 15
A5: =A4+1 -> 2 | B5: =IF('Order Side'!$G3, IF('Supply Side'!C3>0, 'Supply Side'!C3, -'Supply Side'!C3*2), ) -> 10 | C5: =IF('Order Side'!$G3, IF('Supply Side'!F3>0, 'Supply Side'!F3, -'Supply Side'!F3*2), ) -> 15 | D5: =IF('Order Side'!$G3, IF('Supply Side'!I3>0, 'Supply Side'!I3, -'Supply Side'!I3*2), ) -> 15 | E5: =IF('Order Side'!$G3, IF('Supply Side'!L3>0, 'Supply Side'!L3, -'Supply Side'!L3*2), ) -> 15 | G5: =IF('Order Side'!$G3, 'Supply Side'!C3, ) -> 10 | H5: =IF('Order Side'!$G3, 'Supply Side'!F3, ) -> 15 | I5: =IF('Order Side'!$G3, 'Supply Side'!I3, ) -> 15 | J5: =IF('Order Side'!$G3, 'Supply Side'!L3, ) -> 15 | S5: =A5 -> 2 | T5: =SUM(B$4:B5) -> 25 | U5: =SUM(C$4:C5) -> 30 | V5: =SUM(D$4:D5) -> 30 | W5: =SUM(E$4:E5) -> 30
A6: =A5+1 -> 3 | B6: =IF('Order Side'!$G4, IF('Supply Side'!C4>0, 'Supply Side'!C4, -'Supply Side'!C4*2), ) -> 10 | C6: =IF('Order Side'!$G4, IF('Supply Side'!F4>0, 'Supply Side'!F4, -'Supply Side'!F4*2), ) -> 20 | D6: =IF('Order Side'!$G4, IF('Supply Side'!I4>0, 'Supply Side'!I4, -'Supply Side'!I4*2), ) -> 20 | E6: =IF('Order Side'!$G4, IF('Supply Side'!L4>0, 'Supply Side'!L4, -'Supply Side'!L4*2), ) -> 20 | G6: =IF('Order Side'!$G4, 'Supply Side'!C4, ) -> 10 | H6: =IF('Order Side'!$G4, 'Supply Side'!F4, ) -> 20 | I6: =IF('Order Side'!$G4, 'Supply Side'!I4, ) -> 20 | J6: =IF('Order Side'!$G4, 'Supply Side'!L4, ) -> 20 | S6: =A6 -> 3 | T6: =SUM(B$4:B6) -> 35 | U6: =SUM(C$4:C6) -> 50 | V6: =SUM(D$4:D6) -> 50 | W6: =SUM(E$4:E6) -> 50
A7: =A6+1 -> 4 | B7: =IF('Order Side'!$G5, IF('Supply Side'!C5>0, 'Supply Side'!C5, -'Supply Side'!C5*2), ) -> 5 | C7: =IF('Order Side'!$G5, IF('Supply Side'!F5>0, 'Supply Side'!F5, -'Supply Side'!F5*2), ) -> 20 | D7: =IF('Order Side'!$G5, IF('Supply Side'!I5>0, 'Supply Side'!I5, -'Supply Side'!I5*2), ) -> 20 | E7: =IF('Order Side'!$G5, IF('Supply Side'!L5>0, 'Supply Side'!L5, -'Supply Side'!L5*2), ) -> 20 | G7: =IF('Order Side'!$G5, 'Supply Side'!C5, ) -> 5 | H7: =IF('Order Side'!$G5, 'Supply Side'!F5, ) -> 20 | I7: =IF('Order Side'!$G5, 'Supply Side'!I5, ) -> 20 | J7: =IF('Order Side'!$G5, 'Supply Side'!L5, ) -> 20 | S7: =A7 -> 4 | T7: =SUM(B$4:B7) -> 40 | U7: =SUM(C$4:C7) -> 70 | V7: =SUM(D$4:D7) -> 70 | W7: =SUM(E$4:E7) -> 70
A8: =A7+1 -> 5 | B8: =IF('Order Side'!$G6, IF('Supply Side'!C6>0, 'Supply Side'!C6, -'Supply Side'!C6*2), ) -> 0 | C8: =IF('Order Side'!$G6, IF('Supply Side'!F6>0, 'Supply Side'!F6, -'Supply Side'!F6*2), ) -> 20 | D8: =IF('Order Side'!$G6, IF('Supply Side'!I6>0, 'Supply Side'!I6, -'Supply Side'!I6*2), ) -> 20 | E8: =IF('Order Side'!$G6, IF('Supply Side'!L6>0, 'Supply Side'!L6, -'Supply Side'!L6*2), ) -> 20 | G8: =IF('Order Side'!$G6, 'Supply Side'!C6, ) -> 0 | H8: =IF('Order Side'!$G6, 'Supply Side'!F6, ) -> 20 | I8: =IF('Order Side'!$G6, 'Supply Side'!I6, ) -> 20 | J8: =IF('Order Side'!$G6, 'Supply Side'!L6, ) -> 20 | S8: =A8 -> 5 | T8: =SUM(B$4:B8) -> 40 | U8: =SUM(C$4:C8) -> 90 | V8: =SUM(D$4:D8) -> 90 | W8: =SUM(E$4:E8) -> 90
A9: =A8+1 -> 6 | B9: =IF('Order Side'!$G7, IF('Supply Side'!C7>0, 'Supply Side'!C7, -'Supply Side'!C7*2), ) -> 10 | C9: =IF('Order Side'!$G7, IF('Supply Side'!F7>0, 'Supply Side'!F7, -'Supply Side'!F7*2), ) -> 20 | D9: =IF('Order Side'!$G7, IF('Supply Side'!I7>0, 'Supply Side'!I7, -'Supply Side'!I7*2), ) -> 20 | E9: =IF('Order Side'!$G7, IF('Supply Side'!L7>0, 'Supply Side'!L7, -'Supply Side'!L7*2), ) -> 20 | G9: =IF('Order Side'!$G7, 'Supply Side'!C7, ) -> -5 | H9: =IF('Order Side'!$G7, 'Supply Side'!F7, ) -> 20 | I9: =IF('Order Side'!$G7, 'Supply Side'!I7, ) -> 20 | J9: =IF('Order Side'!$G7, 'Supply Side'!L7, ) -> 20 | S9: =A9 -> 6 | T9: =SUM(B$4:B9) -> 50 | U9: =SUM(C$4:C9) -> 110 | V9: =SUM(D$4:D9) -> 110 | W9: =SUM(E$4:E9) -> 110
A10: =A9+1 -> 7 | B10: =IF('Order Side'!$G8, IF('Supply Side'!C8>0, 'Supply Side'!C8, -'Supply Side'!C8*2), ) -> 20 | C10: =IF('Order Side'!$G8, IF('Supply Side'!F8>0, 'Supply Side'!F8, -'Supply Side'!F8*2), ) -> 20 | D10: =IF('Order Side'!$G8, IF('Supply Side'!I8>0, 'Supply Side'!I8, -'Supply Side'!I8*2), ) -> 20 | E10: =IF('Order Side'!$G8, IF('Supply Side'!L8>0, 'Supply Side'!L8, -'Supply Side'!L8*2), ) -> 20 | G10: =IF('Order Side'!$G8, 'Supply Side'!C8, ) -> -10 | H10: =IF('Order Side'!$G8, 'Supply Side'!F8, ) -> 20 | I10: =IF('Order Side'!$G8, 'Supply Side'!I8, ) -> 20 | J10: =IF('Order Side'!$G8, 'Supply Side'!L8, ) -> 20 | S10: =A10 -> 7 | T10: =SUM(B$4:B10) -> 70 | U10: =SUM(C$4:C10) -> 130 | V10: =SUM(D$4:D10) -> 130 | W10: =SUM(E$4:E10) -> 130
A11: =A10+1 -> 8 | B11: =IF('Order Side'!$G9, IF('Supply Side'!C9>0, 'Supply Side'!C9, -'Supply Side'!C9*2), ) -> 30 | C11: =IF('Order Side'!$G9, IF('Supply Side'!F9>0, 'Supply Side'!F9, -'Supply Side'!F9*2), ) -> 20 | D11: =IF('Order Side'!$G9, IF('Supply Side'!I9>0, 'Supply Side'!I9, -'Supply Side'!I9*2), ) -> 20 | E11: =IF('Order Side'!$G9, IF('Supply Side'!L9>0, 'Supply Side'!L9, -'Supply Side'!L9*2), ) -> 20 | G11: =IF('Order Side'!$G9, 'Supply Side'!C9, ) -> -15 | H11: =IF('Order Side'!$G9, 'Supply Side'!F9, ) -> 20 | I11: =IF('Order Side'!$G9, 'Supply Side'!I9, ) -> 20 | J11: =IF('Order Side'!$G9, 'Supply Side'!L9, ) -> 20 | S11: =A11 -> 8 | T11: =SUM(B$4:B11) -> 100 | U11: =SUM(C$4:C11) -> 150 | V11: =SUM(D$4:D11) -> 150 | W11: =SUM(E$4:E11) -> 150
A12: =A11+1 -> 9 | B12: =IF('Order Side'!$G10, IF('Supply Side'!C10>0, 'Supply Side'!C10, -'Supply Side'!C10*2), ) -> 40 | C12: =IF('Order Side'!$G10, IF('Supply Side'!F10>0, 'Supply Side'!F10, -'Supply Side'!F10*2), ) -> 20 | D12: =IF('Order Side'!$G10, IF('Supply Side'!I10>0, 'Supply Side'!I10, -'Supply Side'!I10*2), ) -> 20 | E12: =IF('Order Side'!$G10, IF('Supply Side'!L10>0, 'Supply Side'!L10, -'Supply Side'!L10*2), ) -> 20 | G12: =IF('Order Side'!$G10, 'Supply Side'!C10, ) -> -20 | H12: =IF('Order Side'!$G10, 'Supply Side'!F10, ) -> 20 | I12: =IF('Order Side'!$G10, 'Supply Side'!I10, ) -> 20 | J12: =IF('Order Side'!$G10, 'Supply Side'!L10, ) -> 20 | S12: =A12 -> 9 | T12: =SUM(B$4:B12) -> 140 | U12: =SUM(C$4:C12) -> 170 | V12: =SUM(D$4:D12) -> 170 | W12: =SUM(E$4:E12) -> 170
A13: =A12+1 -> 10 | B13: =IF('Order Side'!$G11, IF('Supply Side'!C11>0, 'Supply Side'!C11, -'Supply Side'!C11*2), ) -> 50 | C13: =IF('Order Side'!$G11, IF('Supply Side'!F11>0, 'Supply Side'!F11, -'Supply Side'!F11*2), ) -> 20 | D13: =IF('Order Side'!$G11, IF('Supply Side'!I11>0, 'Supply Side'!I11, -'Supply Side'!I11*2), ) -> 20 | E13: =IF('Order Side'!$G11, IF('Supply Side'!L11>0, 'Supply Side'!L11, -'Supply Side'!L11*2), ) -> 20 | G13: =IF('Order Side'!$G11, 'Supply Side'!C11, ) -> -25 | H13: =IF('Order Side'!$G11, 'Supply Side'!F11, ) -> 20 | I13: =IF('Order Side'!$G11, 'Supply Side'!I11, ) -> 20 | J13: =IF('Order Side'!$G11, 'Supply Side'!L11, ) -> 20 | S13: =A13 -> 10 | T13: =SUM(B$4:B13) -> 190 | U13: =SUM(C$4:C13) -> 190 | V13: =SUM(D$4:D13) -> 190 | W13: =SUM(E$4:E13) -> 190
A14: =A13+1 -> 11 | B14: =IF('Order Side'!$G12, IF('Supply Side'!C12>0, 'Supply Side'!C12, -'Supply Side'!C12*2), ) -> 74 | C14: =IF('Order Side'!$G12, IF('Supply Side'!F12>0, 'Supply Side'!F12, -'Supply Side'!F12*2), ) -> 20 | D14: =IF('Order Side'!$G12, IF('Supply Side'!I12>0, 'Supply Side'!I12, -'Supply Side'!I12*2), ) -> 20 | E14: =IF('Order Side'!$G12, IF('Supply Side'!L12>0, 'Supply Side'!L12, -'Supply Side'!L12*2), ) -> 20 | G14: =IF('Order Side'!$G12, 'Supply Side'!C12, ) -> -37 | H14: =IF('Order Side'!$G12, 'Supply Side'!F12, ) -> 20 | I14: =IF('Order Side'!$G12, 'Supply Side'!I12, ) -> 20 | J14: =IF('Order Side'!$G12, 'Supply Side'!L12, ) -> 20 | S14: =A14 -> 11 | T14: =SUM(B$4:B14) -> 264 | U14: =SUM(C$4:C14) -> 210 | V14: =SUM(D$4:D14) -> 210 | W14: =SUM(E$4:E14) -> 210
A15: =A14+1 -> 12 | B15: =IF('Order Side'!$G13, IF('Supply Side'!C13>0, 'Supply Side'!C13, -'Supply Side'!C13*2), ) -> 90 | C15: =IF('Order Side'!$G13, IF('Supply Side'!F13>0, 'Supply Side'!F13, -'Supply Side'!F13*2), ) -> 20 | D15: =IF('Order Side'!$G13, IF('Supply Side'!I13>0, 'Supply Side'!I13, -'Supply Side'!I13*2), ) -> 20 | E15: =IF('Order Side'!$G13, IF('Supply Side'!L13>0, 'Supply Side'!L13, -'Supply Side'!L13*2), ) -> 20 | G15: =IF('Order Side'!$G13, 'Supply Side'!C13, ) -> -45 | H15: =IF('Order Side'!$G13, 'Supply Side'!F13, ) -> 20 | I15: =IF('Order Side'!$G13, 'Supply Side'!I13, ) -> 20 | J15: =IF('Order Side'!$G13, 'Supply Side'!L13, ) -> 20 | S15: =A15 -> 12 | T15: =SUM(B$4:B15) -> 354 | U15: =SUM(C$4:C15) -> 230 | V15: =SUM(D$4:D15) -> 230 | W15: =SUM(E$4:E15) -> 230
A16: =A15+1 -> 13 | B16: =IF('Order Side'!$G14, IF('Supply Side'!C14>0, 'Supply Side'!C14, -'Supply Side'!C14*2), ) -> 114 | C16: =IF('Order Side'!$G14, IF('Supply Side'!F14>0, 'Supply Side'!F14, -'Supply Side'!F14*2), ) -> 20 | D16: =IF('Order Side'!$G14, IF('Supply Side'!I14>0, 'Supply Side'!I14, -'Supply Side'!I14*2), ) -> 20 | E16: =IF('Order Side'!$G14, IF('Supply Side'!L14>0, 'Supply Side'!L14, -'Supply Side'!L14*2), ) -> 20 | G16: =IF('Order Side'!$G14, 'Supply Side'!C14, ) -> -57 | H16: =IF('Order Side'!$G14, 'Supply Side'!F14, ) -> 20 | I16: =IF('Order Side'!$G14, 'Supply Side'!I14, ) -> 20 | J16: =IF('Order Side'!$G14, 'Supply Side'!L14, ) -> 20 | S16: =A16 -> 13 | T16: =SUM(B$4:B16) -> 468 | U16: =SUM(C$4:C16) -> 250 | V16: =SUM(D$4:D16) -> 250 | W16: =SUM(E$4:E16) -> 250
... A53: =A52+1 -> 50 | B53: =IF('Order Side'!$G51, IF('Supply Side'!C51>0, 'Supply Side'!C51, -'Supply Side'!C51*2), ) -> 1002 | C53: =IF('Order Side'!$G51, IF('Supply Side'!F51>0, 'Supply Side'!F51, -'Supply Side'!F51*2), ) -> 20 | D53: =IF('Order Side'!$G51, IF('Supply Side'!I51>0, 'Supply Side'!I51, -'Supply Side'!I51*2), ) -> 20 | E53: =IF('Order Side'!$G51, IF('Supply Side'!L51>0, 'Supply Side'!L51, -'Supply Side'!L51*2), ) -> 20 | G53: =IF('Order Side'!$G51, 'Supply Side'!C51, ) -> -501 | H53: =IF('Order Side'!$G51, 'Supply Side'!F51, ) -> 20 | I53: =IF('Order Side'!$G51, 'Supply Side'!I51, ) -> 20 | J53: =IF('Order Side'!$G51, 'Supply Side'!L51, ) -> 20 | S53: =A53 -> 50 | T53: =SUM(B$4:B53) -> 21558 | U53: =SUM(C$4:C53) -> 990 | V53: =SUM(D$4:D53) -> 990 | W53: =SUM(E$4:E53) -> 990

Sheet Factory
A1: =Summary!$A$1 -> 1 | B1: =SUM(B3:B52) -> 990 | C1: =AVERAGE(C3:C52) -> 0.1 | D1: =AVERAGE(D3:D52) -> 19.8 | E1: Inventory Arriving in | G1: =AVERAGE(G3:G52) -> 0.1 | H1: =IFERROR(AVERAGE(H3:H52), ) -> 0
A2: Week | B2: Cost | C2: Shipped | D2: Inventory/-backlog | E2: 1 week | F2: 2 weeks | G2: New Orders incoming | H2: Place your Order
A3: 1 | B3: =Summary!E4 -> 15 | C3: ='Supply Side'!K2 -> 5 | D3: =IF('Order Side'!$G2, 'Supply Side'!L2,) -> 15 | E3: ='Supply Side'!M2 -> 0 | F3: ='Supply Side'!N2 -> 5 | G3: =IF('Order Side'!$G2, 'Order Side'!E2,) -> 5
A4: =A3+1 -> 2 | B4: =Summary!E5 -> 15 | C4: ='Supply Side'!K3 -> 0 | D4: =IF('Order Side'!$G3, 'Supply Side'!L3,) -> 15 | E4: ='Supply Side'!M3 -> 5 | F4: ='Supply Side'!N3 -> 0 | G4: =IF('Order Side'!$G3, 'Order Side'!E3,) -> 0
A5: =A4+1 -> 3 | B5: =Summary!E6 -> 20 | C5: ='Supply Side'!K4 -> 0 | D5: =IF('Order Side'!$G4, 'Supply Side'!L4,) -> 20 | E5: ='Supply Side'!M4 -> 0 | F5: ='Supply Side'!N4 -> 0 | G5: =IF('Order Side'!$G4, 'Order Side'!E4,) -> 0
A6: =A5+1 -> 4 | B6: =Summary!E7 -> 20 | C6: ='Supply Side'!K5 -> 0 | D6: =IF('Order Side'!$G5, 'Supply Side'!L5,) -> 20 | E6: ='Supply Side'!M5 -> 0 | F6: ='Supply Side'!N5 -> 0 | G6: =IF('Order Side'!$G5, 'Order Side'!E5,) -> 0
A7: =A6+1 -> 5 | B7: =Summary!E8 -> 20 | C7: ='Supply Side'!K6 -> 0 | D7: =IF('Order Side'!$G6, 'Supply Side'!L6,) -> 20 | E7: ='Supply Side'!M6 -> 0 | F7: ='Supply Side'!N6 -> 0 | G7: =IF('Order Side'!$G6, 'Order Side'!E6,) -> 0
A8: =A7+1 -> 6 | B8: =Summary!E9 -> 20 | C8: ='Supply Side'!K7 -> 0 | D8: =IF('Order Side'!$G7, 'Supply Side'!L7,) -> 20 | E8: ='Supply Side'!M7 -> 0 | F8: ='Supply Side'!N7 -> 0 | G8: =IF('Order Side'!$G7, 'Order Side'!E7,) -> 0
A9: =A8+1 -> 7 | B9: =Summary!E10 -> 20 | C9: ='Supply Side'!K8 -> 0 | D9: =IF('Order Side'!$G8, 'Supply Side'!L8,) -> 20 | E9: ='Supply Side'!M8 -> 0 | F9: ='Supply Side'!N8 -> 0 | G9: =IF('Order Side'!$G8, 'Order Side'!E8,) -> 0
A10: =A9+1 -> 8 | B10: =Summary!E11 -> 20 | C10: ='Supply Side'!K9 -> 0 | D10: =IF('Order Side'!$G9, 'Supply Side'!L9,) -> 20 | E10: ='Supply Side'!M9 -> 0 | F10: ='Supply Side'!N9 -> 0 | G10: =IF('Order Side'!$G9, 'Order Side'!E9,) -> 0
A11: =A10+1 -> 9 | B11: =Summary!E12 -> 20 | C11: ='Supply Side'!K10 -> 0 | D11: =IF('Order Side'!$G10, 'Supply Side'!L10,) -> 20 | E11: ='Supply Side'!M10 -> 0 | F11: ='Supply Side'!N10 -> 0 | G11: =IF('Order Side'!$G10, 'Order Side'!E10,) -> 0
A12: =A11+1 -> 10 | B12: =Summary!E13 -> 20 | C12: ='Supply Side'!K11 -> 0 | D12: =IF('Order Side'!$G11, 'Supply Side'!L11,) -> 20 | E12: ='Supply Side'!M11 -> 0 | F12: ='Supply Side'!N11 -> 0 | G12: =IF('Order Side'!$G11, 'Order Side'!E11,) -> 0
A13: =A12+1 -> 11 | B13: =Summary!E14 -> 20 | C13: ='Supply Side'!K12 -> 0 | D13: =IF('Order Side'!$G12, 'Supply Side'!L12,) -> 20 | E13: ='Supply Side'!M12 -> 0 | F13: ='Supply Side'!N12 -> 0 | G13: =IF('Order Side'!$G12, 'Order Side'!E12,) -> 0
A14: =A13+1 -> 12 | B14: =Summary!E15 -> 20 | C14: ='Supply Side'!K13 -> 0 | D14: =IF('Order Side'!$G13, 'Supply Side'!L13,) -> 20 | E14: ='Supply Side'!M13 -> 0 | F14: ='Supply Side'!N13 -> 0 | G14: =IF('Order Side'!$G13, 'Order Side'!E13,) -> 0
A15: =A14+1 -> 13 | B15: =Summary!E16 -> 20 | C15: ='Supply Side'!K14 -> 0 | D15: =IF('Order Side'!$G14, 'Supply Side'!L14,) -> 20 | E15: ='Supply Side'!M14 -> 0 | F15: ='Supply Side'!N14 -> 0 | G15: =IF('Order Side'!$G14, 'Order Side'!E14,) -> 0
... A52: =A51+1 -> 50 | B52: =Summary!E53 -> 20 | C52: ='Supply Side'!K51 -> 0 | D52: =IF('Order Side'!$G51, 'Supply Side'!L51,) -> 20 | E52: ='Supply Side'!M51 -> 0 | F52: ='Supply Side'!N51 -> 0 | G52: =IF('Order Side'!$G51, 'Order Side'!E51,) -> 0

Sheet Supplier
A1: =Summary!$A$1 -> 1 | B1: =SUM(B3:B52) -> 990 | C1: =AVERAGE(C3:C52) -> 0.1 | D1: =AVERAGE(D3:D52) -> 19.8 | E1: Inventory Arriving in | G1: =AVERAGE(G3:G52) -> 0.1 | H1: =IFERROR(AVERAGE(H3:H52), ) -> 0
A2: Week | B2: Cost | C2: Shipped | D2: Inventory/-backlog | E2: 1 week | F2: 2 weeks | G2: New Orders incoming | H2: Place your Order
A3: 1 | B3: =Summary!D4 -> 15 | C3: ='Supply Side'!H2 -> 5 | D3: =IF('Order Side'!$G2, 'Supply Side'!I2,) -> 15 | E3: ='Supply Side'!J2 -> 0 | F3: ='Supply Side'!K2 -> 5 | G3: =IF('Order Side'!$G2, 'Order Side'!D2,) -> 5
A4: =A3+1 -> 2 | B4: =Summary!D5 -> 15 | C4: ='Supply Side'!H3 -> 0 | D4: =IF('Order Side'!$G3, 'Supply Side'!I3,) -> 15 | E4: ='Supply Side'!J3 -> 5 | F4: ='Supply Side'!K3 -> 0 | G4: =IF('Order Side'!$G3, 'Order Side'!D3,) -> 0
A5: =A4+1 -> 3 | B5: =Summary!D6 -> 20 | C5: ='Supply Side'!H4 -> 0 | D5: =IF('Order Side'!$G4, 'Supply Side'!I4,) -> 20 | E5: ='Supply Side'!J4 -> 0 | F5: ='Supply Side'!K4 -> 0 | G5: =IF('Order Side'!$G4, 'Order Side'!D4,) -> 0
A6: =A5+1 -> 4 | B6: =Summary!D7 -> 20 | C6: ='Supply Side'!H5 -> 0 | D6: =IF('Order Side'!$G5, 'Supply Side'!I5,) -> 20 | E6: ='Supply Side'!J5 -> 0 | F6: ='Supply Side'!K5 -> 0 | G6: =IF('Order Side'!$G5, 'Order Side'!D5,) -> 0
A7: =A6+1 -> 5 | B7: =Summary!D8 -> 20 | C7: ='Supply Side'!H6 -> 0 | D7: =IF('Order Side'!$G6, 'Supply Side'!I6,) -> 20 | E7: ='Supply Side'!J6 -> 0 | F7: ='Supply Side'!K6 -> 0 | G7: =IF('Order Side'!$G6, 'Order Side'!D6,) -> 0
A8: =A7+1 -> 6 | B8: =Summary!D9 -> 20 | C8: ='Supply Side'!H7 -> 0 | D8: =IF('Order Side'!$G7, 'Supply Side'!I7,) -> 20 | E8: ='Supply Side'!J7 -> 0 | F8: ='Supply Side'!K7 -> 0 | G8: =IF('Order Side'!$G7, 'Order Side'!D7,) -> 0
A9: =A8+1 -> 7 | B9: =Summary!D10 -> 20 | C9: ='Supply Side'!H8 -> 0 | D9: =IF('Order Side'!$G8, 'Supply Side'!I8,) -> 20 | E9: ='Supply Side'!J8 -> 0 | F9: ='Supply Side'!K8 -> 0 | G9: =IF('Order Side'!$G8, 'Order Side'!D8,) -> 0
A10: =A9+1 -> 8 | B10: =Summary!D11 -> 20 | C10: ='Supply Side'!H9 -> 0 | D10: =IF('Order Side'!$G9, 'Supply Side'!I9,) -> 20 | E10: ='Supply Side'!J9 -> 0 | F10: ='Supply Side'!K9 -> 0 | G10: =IF('Order Side'!$G9, 'Order Side'!D9,) -> 0
A11: =A10+1 -> 9 | B11: =Summary!D12 -> 20 | C11: ='Supply Side'!H10 -> 0 | D11: =IF('Order Side'!$G10, 'Supply Side'!I10,) -> 20 | E11: ='Supply Side'!J10 -> 0 | F11: ='Supply Side'!K10 -> 0 | G11: =IF('Order Side'!$G10, 'Order Side'!D10,) -> 0
A12: =A11+1 -> 10 | B12: =Summary!D13 -> 20 | C12: ='Supply Side'!H11 -> 0 | D12: =IF('Order Side'!$G11, 'Supply Side'!I11,) -> 20 | E12: ='Supply Side'!J11 -> 0 | F12: ='Supply Side'!K11 -> 0 | G12: =IF('Order Side'!$G11, 'Order Side'!D11,) -> 0
A13: =A12+1 -> 11 | B13: =Summary!D14 -> 20 | C13: ='Supply Side'!H12 -> 0 | D13: =IF('Order Side'!$G12, 'Supply Side'!I12,) -> 20 | E13: ='Supply Side'!J12 -> 0 | F13: ='Supply Side'!K12 -> 0 | G13: =IF('Order Side'!$G12, 'Order Side'!D12,) -> 0
A14: =A13+1 -> 12 | B14: =Summary!D15 -> 20 | C14: ='Supply Side'!H13 -> 0 | D14: =IF('Order Side'!$G13, 'Supply Side'!I13,) -> 20 | E14: ='Supply Side'!J13 -> 0 | F14: ='Supply Side'!K13 -> 0 | G14: =IF('Order Side'!$G13, 'Order Side'!D13,) -> 0
A15: =A14+1 -> 13 | B15: =Summary!D16 -> 20 | C15: ='Supply Side'!H14 -> 0 | D15: =IF('Order Side'!$G14, 'Supply Side'!I14,) -> 20 | E15: ='Supply Side'!J14 -> 0 | F15: ='Supply Side'!K14 -> 0 | G15: =IF('Order Side'!$G14, 'Order Side'!D14,) -> 0
... A52: =A51+1 -> 50 | B52: =Summary!D53 -> 20 | C52: ='Supply Side'!H51 -> 0 | D52: =IF('Order Side'!$G51, 'Supply Side'!I51,) -> 20 | E52: ='Supply Side'!J51 -> 0 | F52: ='Supply Side'!K51 -> 0 | G52: =IF('Order Side'!$G51, 'Order Side'!D51,) -> 0

Sheet Wholesaler
A1: =Summary!$A$1 -> 1 | B1: =SUM(B3:B52) -> 990 | C1: =AVERAGE(C3:C52) -> 0.1 | D1: =AVERAGE(D3:D52) -> 19.8 | E1: Inventory Arriving in | G1: =AVERAGE(G3:G52) -> 0.1 | H1: =IFERROR(AVERAGE(H3:H52), ) -> 0
A2: Week | B2: Cost | C2: Shipped | D2: Inventory/-backlog | E2: 1 week | F2: 2 weeks | G2: New Orders incoming | H2: Place your Order
A3: 1 | B3: =Summary!C4 -> 15 | C3: ='Supply Side'!E2 -> 5 | D3: =IF('Order Side'!$G2, 'Supply Side'!F2,) -> 15 | E3: ='Supply Side'!G2 -> 0 | F3: ='Supply Side'!H2 -> 5 | G3: =IF('Order Side'!$G2, 'Order Side'!C2,) -> 5
A4: =A3+1 -> 2 | B4: =Summary!C5 -> 15 | C4: ='Supply Side'!E3 -> 0 | D4: =IF('Order Side'!$G3, 'Supply Side'!F3,) -> 15 | E4: ='Supply Side'!G3 -> 5 | F4: ='Supply Side'!H3 -> 0 | G4: =IF('Order Side'!$G3, 'Order Side'!C3,) -> 0
A5: =A4+1 -> 3 | B5: =Summary!C6 -> 20 | C5: ='Supply Side'!E4 -> 0 | D5: =IF('Order Side'!$G4, 'Supply Side'!F4,) -> 20 | E5: ='Supply Side'!G4 -> 0 | F5: ='Supply Side'!H4 -> 0 | G5: =IF('Order Side'!$G4, 'Order Side'!C4,) -> 0
A6: =A5+1 -> 4 | B6: =Summary!C7 -> 20 | C6: ='Supply Side'!E5 -> 0 | D6: =IF('Order Side'!$G5, 'Supply Side'!F5,) -> 20 | E6: ='Supply Side'!G5 -> 0 | F6: ='Supply Side'!H5 -> 0 | G6: =IF('Order Side'!$G5, 'Order Side'!C5,) -> 0
A7: =A6+1 -> 5 | B7: =Summary!C8 -> 20 | C7: ='Supply Side'!E6 -> 0 | D7: =IF('Order Side'!$G6, 'Supply Side'!F6,) -> 20 | E7: ='Supply Side'!G6 -> 0 | F7: ='Supply Side'!H6 -> 0 | G7: =IF('Order Side'!$G6, 'Order Side'!C6,) -> 0
A8: =A7+1 -> 6 | B8: =Summary!C9 -> 20 | C8: ='Supply Side'!E7 -> 0 | D8: =IF('Order Side'!$G7, 'Supply Side'!F7,) -> 20 | E8: ='Supply Side'!G7 -> 0 | F8: ='Supply Side'!H7 -> 0 | G8: =IF('Order Side'!$G7, 'Order Side'!C7,) -> 0
A9: =A8+1 -> 7 | B9: =Summary!C10 -> 20 | C9: ='Supply Side'!E8 -> 0 | D9: =IF('Order Side'!$G8, 'Supply Side'!F8,) -> 20 | E9: ='Supply Side'!G8 -> 0 | F9: ='Supply Side'!H8 -> 0 | G9: =IF('Order Side'!$G8, 'Order Side'!C8,) -> 0
A10: =A9+1 -> 8 | B10: =Summary!C11 -> 20 | C10: ='Supply Side'!E9 -> 0 | D10: =IF('Order Side'!$G9, 'Supply Side'!F9,) -> 20 | E10: ='Supply Side'!G9 -> 0 | F10: ='Supply Side'!H9 -> 0 | G10: =IF('Order Side'!$G9, 'Order Side'!C9,) -> 0
A11: =A10+1 -> 9 | B11: =Summary!C12 -> 20 | C11: ='Supply Side'!E10 -> 0 | D11: =IF('Order Side'!$G10, 'Supply Side'!F10,) -> 20 | E11: ='Supply Side'!G10 -> 0 | F11: ='Supply Side'!H10 -> 0 | G11: =IF('Order Side'!$G10, 'Order Side'!C10,) -> 0
A12: =A11+1 -> 10 | B12: =Summary!C13 -> 20 | C12: ='Supply Side'!E11 -> 0 | D12: =IF('Order Side'!$G11, 'Supply Side'!F11,) -> 20 | E12: ='Supply Side'!G11 -> 0 | F12: ='Supply Side'!H11 -> 0 | G12: =IF('Order Side'!$G11, 'Order Side'!C11,) -> 0
A13: =A12+1 -> 11 | B13: =Summary!C14 -> 20 | C13: ='Supply Side'!E12 -> 0 | D13: =IF('Order Side'!$G12, 'Supply Side'!F12,) -> 20 | E13: ='Supply Side'!G12 -> 0 | F13: ='Supply Side'!H12 -> 0 | G13: =IF('Order Side'!$G12, 'Order Side'!C12,) -> 0
A14: =A13+1 -> 12 | B14: =Summary!C15 -> 20 | C14: ='Supply Side'!E13 -> 0 | D14: =IF('Order Side'!$G13, 'Supply Side'!F13,) -> 20 | E14: ='Supply Side'!G13 -> 0 | F14: ='Supply Side'!H13 -> 0 | G14: =IF('Order Side'!$G13, 'Order Side'!C13,) -> 0
A15: =A14+1 -> 13 | B15: =Summary!C16 -> 20 | C15: ='Supply Side'!E14 -> 0 | D15: =IF('Order Side'!$G14, 'Supply Side'!F14,) -> 20 | E15: ='Supply Side'!G14 -> 0 | F15: ='Supply Side'!H14 -> 0 | G15: =IF('Order Side'!$G14, 'Order Side'!C14,) -> 0
... A52: =A51+1 -> 50 | B52: =Summary!C53 -> 20 | C52: ='Supply Side'!E51 -> 0 | D52: =IF('Order Side'!$G51, 'Supply Side'!F51,) -> 20 | E52: ='Supply Side'!G51 -> 0 | F52: ='Supply Side'!H51 -> 0 | G52: =IF('Order Side'!$G51, 'Order Side'!C51,) -> 0

Sheet Retailer
A1: =Summary!$A$1 -> 1 | B1: =SUM(B3:B52) -> 21558 | C1: =AVERAGE(C3:C52) -> 0.5 | D1: =AVERAGE(D3:D52) -> -214.38 | E1: Inventory Arriving in | G1: =AVERAGE(G3:G52) -> 10.52 | H1: =IFERROR(AVERAGE(H3:H52), ) -> 0
A2: Week | B2: Cost | C2: Shipped | D2: Inventory/-backlog | E2: 1 week | F2: 2 weeks | G2: New Orders incoming | H2: Place your Order
A3: 1 | B3: =Summary!B4 -> 15 | C3: ='Supply Side'!B2 -> 5 | D3: =IF('Order Side'!$G2, 'Supply Side'!C2,) -> 15 | E3: ='Supply Side'!D2 -> 0 | F3: ='Supply Side'!E2 -> 5 | G3: =IF('Order Side'!$G2, 'Order Side'!B2,) -> 5
A4: =A3+1 -> 2 | B4: =Summary!B5 -> 10 | C4: ='Supply Side'!B3 -> 5 | D4: =IF('Order Side'!$G3, 'Supply Side'!C3,) -> 10 | E4: ='Supply Side'!D3 -> 5 | F4: ='Supply Side'!E3 -> 0 | G4: =IF('Order Side'!$G3, 'Order Side'!B3,) -> 5
A5: =A4+1 -> 3 | B5: =Summary!B6 -> 10 | C5: ='Supply Side'!B4 -> 5 | D5: =IF('Order Side'!$G4, 'Supply Side'!C4,) -> 10 | E5: ='Supply Side'!D4 -> 0 | F5: ='Supply Side'!E4 -> 0 | G5: =IF('Order Side'!$G4, 'Order Side'!B4,) -> 5
A6: =A5+1 -> 4 | B6: =Summary!B7 -> 5 | C6: ='Supply Side'!B5 -> 5 | D6: =IF('Order Side'!$G5, 'Supply Side'!C5,) -> 5 | E6: ='Supply Side'!D5 -> 0 | F6: ='Supply Side'!E5 -> 0 | G6: =IF('Order Side'!$G5, 'Order Side'!B5,) -> 5
A7: =A6+1 -> 5 | B7: =Summary!B8 -> 0 | C7: ='Supply Side'!B6 -> 5 | D7: =IF('Order Side'!$G6, 'Supply Side'!C6,) -> 0 | E7: ='Supply Side'!D6 -> 0 | F7: ='Supply Side'!E6 -> 0 | G7: =IF('Order Side'!$G6, 'Order Side'!B6,) -> 5
A8: =A7+1 -> 6 | B8: =Summary!B9 -> 10 | C8: ='Supply Side'!B7 -> 0 | D8: =IF('Order Side'!$G7, 'Supply Side'!C7,) -> -5 | E8: ='Supply Side'!D7 -> 0 | F8: ='Supply Side'!E7 -> 0 | G8: =IF('Order Side'!$G7, 'Order Side'!B7,) -> 5
A9: =A8+1 -> 7 | B9: =Summary!B10 -> 20 | C9: ='Supply Side'!B8 -> 0 | D9: =IF('Order Side'!$G8, 'Supply Side'!C8,) -> -10 | E9: ='Supply Side'!D8 -> 0 | F9: ='Supply Side'!E8 -> 0 | G9: =IF('Order Side'!$G8, 'Order Side'!B8,) -> 5
A10: =A9+1 -> 8 | B10: =Summary!B11 -> 30 | C10: ='Supply Side'!B9 -> 0 | D10: =IF('Order Side'!$G9, 'Supply Side'!C9,) -> -15 | E10: ='Supply Side'!D9 -> 0 | F10: ='Supply Side'!E9 -> 0 | G10: =IF('Order Side'!$G9, 'Order Side'!B9,) -> 5
A11: =A10+1 -> 9 | B11: =Summary!B12 -> 40 | C11: ='Supply Side'!B10 -> 0 | D11: =IF('Order Side'!$G10, 'Supply Side'!C10,) -> -20 | E11: ='Supply Side'!D10 -> 0 | F11: ='Supply Side'!E10 -> 0 | G11: =IF('Order Side'!$G10, 'Order Side'!B10,) -> 5
A12: =A11+1 -> 10 | B12: =Summary!B13 -> 50 | C12: ='Supply Side'!B11 -> 0 | D12: =IF('Order Side'!$G11, 'Supply Side'!C11,) -> -25 | E12: ='Supply Side'!D11 -> 0 | F12: ='Supply Side'!E11 -> 0 | G12: =IF('Order Side'!$G11, 'Order Side'!B11,) -> 5
A13: =A12+1 -> 11 | B13: =Summary!B14 -> 74 | C13: ='Supply Side'!B12 -> 0 | D13: =IF('Order Side'!$G12, 'Supply Side'!C12,) -> -37 | E13: ='Supply Side'!D12 -> 0 | F13: ='Supply Side'!E12 -> 0 | G13: =IF('Order Side'!$G12, 'Order Side'!B12,) -> 12
A14: =A13+1 -> 12 | B14: =Summary!B15 -> 90 | C14: ='Supply Side'!B13 -> 0 | D14: =IF('Order Side'!$G13, 'Supply Side'!C13,) -> -45 | E14: ='Supply Side'!D13 -> 0 | F14: ='Supply Side'!E13 -> 0 | G14: =IF('Order Side'!$G13, 'Order Side'!B13,) -> 8
A15: =A14+1 -> 13 | B15: =Summary!B16 -> 114 | C15: ='Supply Side'!B14 -> 0 | D15: =IF('Order Side'!$G14, 'Supply Side'!C14,) -> -57 | E15: ='Supply Side'!D14 -> 0 | F15: ='Supply Side'!E14 -> 0 | G15: =IF('Order Side'!$G14, 'Order Side'!B14,) -> 12
... A52: =A51+1 -> 50 | B52: =Summary!B53 -> 1002 | C52: ='Supply Side'!B51 -> 0 | D52: =IF('Order Side'!$G51, 'Supply Side'!C51,) -> -501 | E52: ='Supply Side'!D51 -> 0 | F52: ='Supply Side'!E51 -> 0 | G52: =IF('Order Side'!$G51, 'Order Side'!B51,) -> 12
